keyword,title,tsukurepo
シュークリーム,ティラミスシュークリーム,膨らみ失敗したけど味は大人スイーツで好評でした。 コーヒー味のシューいいですね(´`)ほろ苦でおいしかったです！ めちゃうまです。今年のバレンタインはこれに決めました(^-^)
シュークリーム,シュークリーム(シュー生地、クリーム),シュー皮を作りました。生地が弛かったようで高さが全く出ずペチャンコです(T_T)また今度挑戦したいと思います！ ふわふわ生地に仕上がりました。レシピの掲載ありがとうございます。 素敵なレシピありがとうございます！子どもと一緒にしっかり膨らんだシューが焼けましたo(^▽^)o
シュークリーム,しぼりなし！失敗しないシュークリーム生地,絞り出さないので簡単ですね!適当に出しましたが、ちゃんと膨らみました。ありがとうございます! 簡単にちゃんと膨らんだシューになりました。中がしっかり空洞でクリームたっぷり入りました 簡単でスムーズに出来ました。卵は、Mサイズ2個でちょうど良い感じになりました。 簡単で焼き上がりも匂いも味も良いです！卵は2個でやってみました！
シュークリーム,失敗なしの簡単シュークリーム,見た目はイマイチになりましたが膨らみました。小麦粉を火にかけすぎたかな？リベンジします！ すごい！おうちでシュークリームできるなんて！カスタードと生クリームのダブルです。 憧れてたスワンシューも簡単に作れました♪リピ決定。 上手に作れました。前に1度本を見て失敗してこれなら自信が戻って来ました。 簡単に出来るのに上手く膨らんで嬉しかったです！とっても美味しかったです とっても綺麗にできました。説明わかりやすいです。ありがとう
シュークリーム,ちょっと豪華に☆シュークリーム,今宵のデザートに。今晩は。ワッフルで｡庭で出来た苺とミントを添えて。寒くなりました。私の誕生月の大好きな季節です(^^) おはようございます！孫が来て一緒にクックしましたフルーツ生クリーム豪華なデザート嬉スナップレポ感謝です(^^) こんにちは。昼食も済み。お天気良いのでお庭で豪華シュークリーム頂きます。ご馳走様です(^^) こちらはテンション上がりますね可愛いしめっちゃ美味しいありがとう お三時に。こんにちは。ハーシーズのチョコのシュークリームに。可愛く出来ました。夕食に厚揚げレシピお世話になります(^^)
シュークリーム,クリスマスに可愛いツリーシュークリーム,思い立って子供と作りましたが　崩れてきました！でも楽しく作れました♪ クリスマスに子どものリクエストで、フルーツいっぱい＆ヨーグルトクリームで作りました。簡単に出来て助かりました！ 娘の誕生日に作りました！簡単にかわいくできていいですね(^^)
シュークリーム,シュークリーム,絞り方へたっぴなのか、生地かたかったのか横に膨らんだ？高さがでなかった(TдT)またリベンジします(   ) 簡単に出来て好評でした。また作ります。クリーム美味しいです。 特に、クリームがすごーく美味しいですね！さすが！のレシピです。
シュークリーム,失敗しらず！シュークリーム用のシュー生地,ミニエクレアで使わせて頂きました。これはホントに失敗知らず！綺麗に膨れます。有難うございました(^^) 初シュークリーム作り^ ^生地が柔らかすぎたようなので、またリベンジしてみます^ ^ 歪ですが、しっかり空洞！味はとっても美味しい！レシピ通りにつくれば、初めてなのにちゃんとしたシューができました。感激です！
シュークリーム,カスタード シュークリーム,とても簡単でした！ 1回目で生地が緩めだったため、2回作りました。生地を小鍋で固める際に、弱火でしっかり温めたらちょうどいい生地になりました。 まん丸ちゃんと膨らみました^_^ 初めてシュークリームを作りましたとても美味しかったです(´`)ありがとうございます！ 粉末抹茶使用して抹茶シュークリームもつくりました。簡単に作れました！ 袋がなかったのでスプーンで掬い落としました。無事膨らみました。
シュークリーム,基本のシュークリーム,簡単で美味しく作れました！ありがとうございます 記載の1/3スケールでやってみました。良い感じに仕上がりました。 簡単美味しく出来ました綺麗に膨らんだしまたリピします^ ^
シュークリーム,【米粉】米粉シュークリーム,焼きたてはサクサクで、翌日はプチシューみたいなもちもちなシューになりました。 米粉のシュークリーム初めてでしたがとっても美味しかったですクリームは生クリームに苺ジャムで甘さをつけ苺シューにしました^ ^ 米粉でこんなに美味しく作れるとは知りませんでした！カスタードの作り方も分かりやすく助かりました！家族からも好評でした！ 初めての米粉シュークリームでしたがちゃんと膨らんでいい色に焼けました。カスタードクリームもすごく美味しいですよ～また作りたいです シュー皮も膨らんで美味しくできました。 よく膨らんで、モチモチとしていて、家族に大好評でした！また作ります！ 一口サイズのプチシューにしました簡単でとても美味しかったです！
シュークリーム,シュークリームアレンジ,美味しいアレンジありがとうございました！ 抹茶でいただきました＾＾小さい頃食べきれないくらいのシュークリームを買ったなぁと懐かしい気持ちになりました 今日も抹茶…中もちょっと見えるように写真撮りました。色も綺麗だよね。抹茶でカテキンアップ！かな。 リピシュークリーム見るとこのレシピ思い出すよ。今日は息子リクエストでお抹茶と共に。W抹茶です お抹茶ですぐにクリームと馴染んで甘さ◯で美味しかったぁ。家でお抹茶たてて飲むので常備…子どもたちにも広めよ！アレンジ大成功
シュークリーム,ホケミとレンジで失敗なし★シュークリーム,2歳の息子と初めて作って、高さがうまく出なかったけど、生地を絞り出す時に、底面積を減らせばよかったのかなぁ…またリベンジします！ 写真はクリームを入れる前ですが…しっかりと膨らみました(^-^) 簡単にできました。美味しかった！リピ決定です！ 初めてでしたが、おいしくできました♪ありがとうございました！
シュークリーム,意外と簡単☆基本のシュークリーム,いい感じです！！ありがとうございます！ 倍量にしたら卵多くてシュー生地が緩くなっちゃったけどギリセーフ！ クリーム焦がしましたが、作り易い分量でした。!(^^)!
シュークリーム,米粉のシュークリーム～カリカリ～,息子と作りました。我が家は牛乳ではなく豆乳で、カスタードクリームも豆乳で作りました。　 良い感じに焼けました♪玄米粉でも焼けました～(^^)冷めるのが楽しみ。 初めてシュークリームせいこうしました！とっても美味しかったです！ 感動モノの膨らみ具合でした。カスタードと生クリームで食べます
シュークリーム,米粉のシュークリーム☆,いちごのエクレアっぽい感じにしてみました☆シューの時はこちらのレシピに決めてます！ありがとうございます(  ) ちゃんとふくらんでよかったー！ステキなレシピ感謝です 米粉でどうしても作りたくて！時間が経っても萎まず上手に作れました めちゃくちゃ美味しかったです。リピします。 小麦アレルギーの息子に。ありがとうございます！また作ります。
シュークリーム,簡単！シュークリームの皮☆シュー生地,美味しくできました！ 別レシピで失敗した為こちらを試しましたが膨らみませんでした。 初めてだったけど上手く焼けました。 何年か前に失敗して以来作っていませんでしたが、久しぶりに挑戦！簡単に素早く、綺麗に焼けました◎ありがとうございました♪ シュークリーム初挑戦！とてもわかりやすくちゃんと膨らみました！ありがとうございます
シュークリーム,簡単 失敗しない 基本のシュークリーム,シュークリーム作り苦手ですが、ちゃんと膨らみました！ ミニシュークリームで。たくさんできて美味しかったです。 初めて作りましたが、上出来でした素敵なレシピ感謝です いつも膨らまないで失敗してたけどばっちり膨らみました(o^^o)
シュークリーム,素朴なカスタードシュークリーム,キレイに膨らみましたー♪♪♪美味しかったです 素朴な見た目になっちゃったけど、美味しく出来ました 濃厚カスタードとカリッと生地が絶妙！レシピありがとうございます とても綺麗に膨らんで生地の食感も軽く柔らかくて美味しかっです♪ 綺麗にできました！前回他のレシピで失敗したので凄く嬉しいです! とても美味しくできました！
シュークリーム,さくっ♪クッキーシュークリーム♪,おいしかったです！膨らみが弱かったから次はもっと膨らませるよう頑張りますー 息子リクエストで♪生クリームカスタードで(o・ω・o) さくさくに仕上がりました！ 雨降りの休日に久しぶりにシュークリーム 初めてでも膨らみました こんなに簡単で美味しいなんて驚き！ サクサクで美味しかったです(^w^)子供達にも好評♪
シュークリーム,トースターでも膨らむ！シュークリーム！,やっぱりふくらまなかったです。卵のサイズを表示してください。 トースターでもシュー皮が焼けて感動～美味しくできました 膨らみがイマイチ………ぴえんまた作ります。 オリーブオイルが1gしかないことに途中で気づきサラダ油で補いましたが美味しい生地が出来ました~
シュークリーム,シュークリーム,天板の余ったスペースでプチシュー作ってみました。あまり膨らみませんでしたが、焼き時間変えて再チャレンジします！美味しかったです シュークリームが苦手な私でも出来ました！感謝です！！ 美味しくできましたー！また、作ります～
プリン,もっちり硬めのカヌレプリン,再挑戦で出来上がったのがこちら！！オーブンの自動機能を使いました。硬めのプリン好きな娘も大満足！！ みての通り、すが入って失敗しました。焼き時間が長かったかな？味とかたさは満足なのでもう一回挑戦してつくれぽに投稿したいです。 カヌレ型は無いのですが、もっちりプリン作ってみたくてオーブン不調で、フライパンで温め→もっちりになりました！カラメルも美味しい
プリン,卵、牛乳、お砂糖だけ！簡単プリン,カラメルなしで作りました。あっさりしていて食べやすかったです。家族にも味がおいしいと好評でした。 お母さんと一緒に作りました！すぐに出来てとても簡単だったので次は1人で挑戦してみようと思います！ 時短したい方にオススメ
プリン,ゼラチンで★濃厚ココアプリン,ふるふるのプリンになりました！ラカントを使ってカロリーダウン(^^)美味しかったです おやつに水切りヨーグルトといちじくジャムをのせて。濃厚でとっても美味しかったです♪ とても美味しかったです！材料も少なく簡単に作れたのでリピします(*^^*) 簡単かつおいしい！　試しに作ってみましたが、またリピしようと思います^_^
プリン,ゼラチンで★濃厚ココアプリン,ふるふるのプリンになりました！ラカントを使ってカロリーダウン(^^)美味しかったです おやつに水切りヨーグルトといちじくジャムをのせて。濃厚でとっても美味しかったです♪ とても美味しかったです！材料も少なく簡単に作れたのでリピします(*^^*) 簡単かつおいしい！　試しに作ってみましたが、またリピしようと思います^_^
プリン,レンジで簡単プリン,ラムレーズンいれました　微妙に残った牛乳がうまオヤツ 材料も少なく、すぐ出来ました！プルプルな所がポイントです！ 再挑戦！滑らかとまではいかなかったけど、プリンになりました。生クリームの量を増やしてレンジのパワーを下げたら沸騰せずに完成！ 卵１つでアメリカの電子レンジで作ろうとしてみたら、見事に沸騰しました！卵も大きいのでまさに卵焼き。調整して再挑戦します！
プリン,フライパンで*かぼちゃのプリン ,砂糖の代わりにラカント、牛乳の代わりに豆乳で、少しヘルシーに作りました！かぼちゃそのものの味がしっかりして美味しかったです とても簡単に超なめらかプリンが作れました！水分の多いかぼちゃだったので固まるのに時間がかかったので多めに火を通しました！美味 優しい甘さココットで食事後のプチデザートにぴったりでした 
プリン,ゼラチンde☆パステル風プリン♪,生クリーム50mlでも美味しくできました ひぃちゃまこれとっても美味し～いゼラチン2.5gでトロントロン♪本物より美味しい！！ ゼラチン2.5gで！トロふるコクありで旨～モノホンもこんな感じ？ 昨日から冷やしていました～今日の気候にピッタリ本家より美味しい位(∩ω∩ )私もゼラチン2.5gでトロントロン～♪ ココナッツミルクでも美味しくできました♪
プリン,ずんだ甘酒プリン,ずんだ甘酒シリーズですね やさしい甘さ 美味しかったごちそうさま 枝豆多かったかしら甘麹の優しい甘さでほっこりプリン昨日帰宅した娘も濃厚で美味しいと喜びました頭痛は大丈夫ですか？ 型違いでもう一つ作。身体思いの優しいお味のデザート、甘さ控えめでしかも甘みが甘麹枝豆好きにはハマる美味しさです有難う 固まりました～食後のデザート♪この優しい甘さが美味しいです！子供には黒蜜を 待ってました☆続・ずんだ甘酒シリーズ甘酒の優しい甘さとずんだの味わい、この食感…癒しの集大成☆簡単ヘルシーおやつ最高感謝
プリン,ポムポムプリン　キャラ弁　簡単,口角の上がりが足りなかったんですかね、何か違くなりました汗 よろこんでくれましたありがとうございます なんかおちょぼ口～w可愛いお弁当レシピありがとうございます！
プリン,ミキサーで簡単！黒ゴマ豆乳バナナプリン,バナナ2本で作りました。生クリームがなかったので、黒蜜ときな粉をかけましたが、思ってたより甘みが足らなかったように感じました。 ゼラチンが上手くなじまなくて苦戦したけど何とかできた！めっちゃバナナで美味しかった！ いちごジャムの消費につくれぽさせて頂きましたはちみつで甘さが調節できるし、簡単デザートでした。
プリン,＊レンチン＊カフェオレプリン＊卵2個,カフェオレプリンレンジで簡単に美味しくできました生クリーム乗せも楽しみました珈琲好きまた食べたいです こんばんは(^-^)レンジだけで簡単なのが助かる(^^)d時間通りで成功したよ♪なめらかで凄く美味しかったレシピに感謝☆ 600w2分半でばっちりでした◎レンジだけなので夏の手作りデザートにぴったりですね美味しかったです 蒸し器使用レシピ工程15～追記しましたこちらも美味しく出来ます レシピですカフェオレ味のレンジ蒸しプリンです
プリン,プリン【電気圧力鍋】,電気圧力鍋を使うとめっちゃ簡単 この間の味が忘れられずまた作りました。今度は三等分に。仕上がりが心配でしたが問題無！前よりカラメルとのバランスもピッタリでした。 焼きプリンが好きでしたが　物凄く早く出来てしかも美味しい。いいレシピですね♪また作ります♪ 硬めで作りました！プリンもカラメルソースも簡単で美味しかったです！ 昔ながらの優しい味でとても簡単に作ることができました。
プリン,カスタードプリン　-その2-,久々に食べたくなり作りました！ 卵消費に簡単に作れるデザートです！ ごちそうさまでした
プリン,牛乳プリン,ミルクの優しさにホッとします( *´艸)　甘さも丁度よくて、またリピしたいです 優しいお味で美味しい～～ 子供達が大好きでもう何度もリピさせて頂いています＾＾甘さ控えめなので苺ソースをのせたり砂糖を少し足したりして毎回楽しんでいます！
プリン,オーブン使用簡単プリン焼きプリン,ノーカロリーシュガー、豆乳で大量に食べられるプリンアラモードができました。朝食としても美味しいたんぱく質補給ができそうです。 ちょうどいい甘さで、旦那に大好評だったリピ確定！ 美味しくできました^ ^
プリン,karaココナッツクリームプリン,ココナッツクリーム大好きなので、簡単においしいスイーツができて感激です砂糖→オリゴ糖、レンジ使用、濾さず手軽にしましたが美味！ 甘すぎずとっても美味しくてお気に入りです。食べるときに、冷凍マンゴーのダイスを乗せて食べています♪ とても美味しくできました。マンゴーのピューレを作って載せました。
プリン,豆乳とゼラチンでお手軽ほうじ茶プリン,ほうじ茶の香ばしさと、黒豆の甘さがマッチ。お砂糖の代わりに、黒豆の煮汁100cc使用。豆乳400ccに調整。和のスイーツ アーモンドミルクで。きな粉のせておいしく頂きました(゜∇^d) ほうじ茶の香ばしさですっごく美味しい娘絶賛！簡単だしリピ確定です。
プリン,私の理想！なめらかぷるとろ、簡単プリン,今まで作ってきたプリント全然違い、本当にぷるぷる滑らかで感動しました！もうこのレシピでしか作れません とってもなめらかで感動しました！カラメルはあえて作らず、子どもと一緒におやつで食べてます！なくなると怒るくらい気に入ってます！ 少ない材料で、とてもおいしくできました！ 全卵！牛乳！のみで良いのが凄くうれしいレシピですいつでも作れる美味しいプリン なめらかな美味しいプリンができました！カラメルの代わりにメープルシロップをかけていただきました！ プリン初めて作りました！書いてた通り地道に火を通したら上手く出来ました！美味しいです(*´ч`*)
プリン,簡単ごほうび豆乳プリン,豆乳消費に倍量で作りました。カラメルなしですが美味しかったです♪フライパンで作れるので作りやすいです。 豆乳消費に作りました。型から外すのに少し失敗(._.) 味は、とても濃厚で美味しかったです！ 大豆製品が苦手なので豆乳プリンなら食べられるかと思ってトライしました。つるんと滑らかでとても美味しくできました。また作ります！ ぷるんと舌ざわり食感最高！簡単に作れて美味しいプリンは、こちらのレシピに決定！リピ決定！です 私の好きな固さのプリンで大満足♪
プリン,新食感！簡単ゼリープリン,プッチンプリンみたいで美味しかったです 豆乳で作り、生クリーム＆ヘーゼルナッツでトッピング♪美味しく、簡単かつヘルシー。素敵レシピありがとうございます。 粉ちゃんこんにちはプリン作ったよーテスト中の中3息子と一緒に。とても美味しいかったよ。のどこしつるんと火も使わず嬉しいおやつね 粉ちゃんおは～これ作ったよ砂糖無し練乳ラム酒入り、ほろ苦コーヒーソースのせで追加レシピのせていいかな～よろしく 子供のおやつにプルプルまさにゼリープリンという感じお砂糖→ラカントでもとっても美味しくできて子供も喜んでました プルプルでなめらか～仕上げにカラメルを蒸プリンは鍋から離れられないし此方は失敗知らずですね先日はリコッタプリン大感激でした
プリン,卵と牛乳のなめらか固めプリン,火が強すぎたのかプツプツしてしまいましたが、味が好き！ 想像通りの固めプリンが出来ました。次回はカラメルも一緒に、また作りたいと思います 濃くて好みの固さで、最高でした。これは美味い！　リピートします。 もっちりしていて生クリーム使ってないのに美味しかった！ 牛乳の賞味期限が近づくとプリン作ろうってなりますモロゾフプリンのガラス容器で作るのも定番に買うより安いし安心安全
プリン,なめらか～！基本の牛乳たっぷりプリン,私は硬め派なのですが。夫はなめらか派で要望に応じて作りました♪夫好みの(*´`*)なめらか感謝美味しかったです♪ 牛乳多めで作りました。滑らかで美味しかったです。また作ります！ スが入ってしまいましたがとっても滑らかでした！オーブン160度30分 オーブンの「蒸しプリン」ボタンでおまかせしたのでとっても簡単にでき、美味しかったです。
プリン,イタリアンプリン・計量が雑でも大丈夫,卵３個でカップ5つできました しっかりしたプリン、クリームチーズの風味が活きています。おうちプリンのおいしさに目覚めました！ パウンドケーキの型で作ってみました。夫に褒められた味でした！！ありがとうございます！
プリン,大人が楽しむ、ビターな濃厚ココアプリン,ビターで濃厚なお味！高校生男子が大絶賛美味しく頂きました★献立UPしました ココアが濃厚で、美味しいですね。 たくさん作りました。牛乳の大量消費でしたが、おいしかったです。 ほんとに濃厚でまるでチョコプリンですねリラックマ型に全部固めて、子どもたちと頂きました(  ) ココアの味がしっかり♪美味しかったです♪ ココアの味がしっかりして美味しかったです。高濃度カカオチョコのよう 牛乳200にゼラチン5で作ってみました！程よくビターで主人にも好評でした 簡単でおいしかったので、また作りますーー！
プリン,簡単！はちみつプリン,冷まさないままカラメルかけたらプリンが割れちゃったwカラメルソースもさらさらのままだったなー。次はもっとうまく作るぞ！味は 優しい甘さでおいしかったです ゼラチンを使わないプリン作りは今まで何回かやった事あったのですが上手く行かず、こちらのレシピで初めて上手くできました！感動です♪ とても簡単にできました！！4歳の娘と作りました！優しい甘さです。少し好みで砂糖を出してもいいと思いました。でもとても美味しい！
プリン,ふわっふわ簡単♪「プリンケーキ」,簡単に出来ました☆市販のプリン使用に驚き、作ってしまいました。 簡単ですっごく美味しかったです。翌日に食べたらしっとりぷるぷるでした。甘いの得意じゃない子供も喜んでまた作ってと言われました。 ふわふわに出来なかったのでリベンジしたいです。 最&高
プリン,おうちカフェ★練乳みるくプリン,苺シロップで！おいしかったです(^^) カフェっぽくトッピングしてみました。簡単で美味しい一品ですね♪ とっても美味しい*´`*ふるん②クリーミー優しい甘みお洒落にミントなくピスタチオトピですが^^;簡単ヘルシー大好評感謝です
プリン,計りいらず★フルフル豆乳プリン,本当にカンタンに美味しく出来ました元々薄味派なので、＋オリゴ糖をかけてみました ほんとに簡単！フルフル！美味しくできました。ありがとう 半量で！濾しが甘い&火が強かったかな、、、気泡が入って固くなってしまった( ；∀；)味はとても美味しいリベンジします 材料３つであっという間に出来ましたはちみつを少しかけてとても美味しかったです
プリン,生クリーム不使用苺と抹茶のプリン,抹茶の濃厚さといちごの甘酸っぱいミルキーなのが良く合い見た目もオシャレで美味しかったです 生クリーム不使用なのに、ミルキーで甘酸っぱい苺プリンと、濃厚抹茶プリンのコラボがおいしいプリンでした♪♪ とっても簡単に苺と抹茶のフルフルのプリン  ひな祭りスイーツとして作らせてもらいました。素敵なレシピに感謝です！
プリン,喫茶店のカスタードプリン,何回目かわかんないです。笑　うちのオーブンでは160度35分で！今回は倍量でチャレンジしてみましたが、過去1美味しくできました！ 3回作りました！分かりやすくて簡単で美味しくできました！ とっても美味しかったですありがとうございました◎ とっても簡単なの本当に美味しいレシピです！また週末に作ります
プリン,喫茶店風！固めプリン,プリンを豆乳で作るのは初めてでしたが、とても美味しくできました！固めのプリンが好きなので満足です！リピします 懐かしい味。美味しくできました 大変美味しかったです…！大きい型で作ってもお皿に盛り付けたときに崩れないので、テーブルに出した時華やかに見えます。 1.5倍量で160° 80分焼きました。固めで美味しかったです！ 簡単美味しくできました◎ありがとございました！
プリン,プリンの後は？卵白3個であずきケーキ,冷凍していた卵白と自家製ゆで小豆使用☆ふ～わふわで美味しかったです 小豆をたっぷり200グラムくらい入れました～黒糖でつくりましたが、とても美味しかったです♪卵白よく余るのでまた作ります！ 砂糖、油10g減らして。卵白消費じゃなくてもまた作りたい美味しさ
